Workbook

Sheet Data
A1: OrderID | B1: OrderDate | C1: Product | D1: Category | E1: Region | F1: Quantity | G1: UnitPrice | H1: TotalPrice
A2: 1001 | B2: 2024-01-05 | C2: Wireless Mouse | D2: Electronics | E2: North | F2: 3 | G2: 15.99 | H2: =F2*G2 -> 47.97
A3: 1002 | B3: 2024-01-06 | C3: Office Chair | D3: Furniture | E3: South | F3: 1 | G3: 89.99 | H3: =F3*G3 -> 89.99
A4: 1003 | B4: 2024-01-07 | C4: Notebook Set | D4: Stationery | E4: North | F4: 10 | G4: 4.5 | H4: =F4*G4 -> 45
A5: 1004 | B5: 2024-01-08 | C5: Wireless Mouse | D5: Electronics | E5: East | F5: 2 | G5: 15.99 | H5: =F5*G5 -> 31.98
A6: 1005 | B6: 2024-01-10 | C6: Desk Lamp | D6: Furniture | E6: West | F6: 4 | G6: 22.5 | H6: =F6*G6 -> 90
A7: 1006 | B7: 2024-01-12 | C7: Notebook Set | D7: Stationery | E7: South | F7: 15 | G7: 4.5 | H7: =F7*G7 -> 67.5
A8: 1007 | B8: 2024-01-14 | C8: Bluetooth Speaker | D8: Electronics | E8: North | F8: 1 | G8: 45 | H8: =F8*G8 -> 45
A9: 1008 | B9: 2024-01-15 | C9: Office Chair | D9: Furniture | E9: East | F9: 2 | G9: 89.99 | H9: =F9*G9 -> 179.98
A10: 1009 | B10: 2024-01-18 | C10: Desk Lamp | D10: Furniture | E10: North | F10: 3 | G10: 22.5 | H10: =F10*G10 -> 67.5
A11: 1010 | B11: 2024-01-20 | C11: Wireless Mouse | D11: Electronics | E11: South | F11: 5 | G11: 15.99 | H11: =F11*G11 -> 79.95
A12: 1011 | B12: 2024-01-22 | C12: Bluetooth Speaker | D12: Electronics | E12: West | F12: 2 | G12: 45 | H12: =F12*G12 -> 90
A13: 1012 | B13: 2024-01-25 | C13: Notebook Set | D13: Stationery | E13: East | F13: 8 | G13: 4.5 | H13: =F13*G13 -> 36
... A21: 1020 | B21: 2024-02-25 | C21: Desk Lamp | D21: Furniture | E21: North | F21: 5 | G21: 22.5 | H21: =F21*G21 -> 112.5

Sheet Dashboard
A1: Sales Performance Dashboard
A3: Total Sales | D3: Average Order Value | G3: Total Orders
A4: =SUM(Data!H2:H21) -> 1647.24 | D4: =AVERAGE(Data!H2:H21) -> 82.362 | G4: =COUNTA(Data!A2:A21) -> 20
A7: Sales by Category | D7: Sales by Region | G7: Sales by Product
A8: Category | B8: Total Sales | D8: Region | E8: Total Sales | G8: Product | H8: Total Sales
A9: Electronics | B9: =SUMIFS(Data!$H$2:$H$21,Data!$D$2:$D$21,A9) -> 589.8 | D9: East | E9: =SUMIFS(Data!$H$2:$H$21,Data!$E$2:$E$21,D9) -> 478.9 | G9: Bluetooth Speaker | H9: =SUMIFS(Data!$H$2:$H$21,Data!$C$2:$C$21,G9) -> 270
A10: Furniture | B10: =SUMIFS(Data!$H$2:$H$21,Data!$D$2:$D$21,A10) -> 854.94 | D10: North | E10: =SUMIFS(Data!$H$2:$H$21,Data!$E$2:$E$21,D10) -> 471.92 | G10: Desk Lamp | H10: =SUMIFS(Data!$H$2:$H$21,Data!$C$2:$C$21,G10) -> 315
A11: Stationery | B11: =SUMIFS(Data!$H$2:$H$21,Data!$D$2:$D$21,A11) -> 202.5 | D11: South | E11: =SUMIFS(Data!$H$2:$H$21,Data!$E$2:$E$21,D11) -> 462.42 | G11: Notebook Set | H11: =SUMIFS(Data!$H$2:$H$21,Data!$C$2:$C$21,G11) -> 202.5
D12: West | E12: =SUMIFS(Data!$H$2:$H$21,Data!$E$2:$E$21,D12) -> 234 | G12: Office Chair | H12: =SUMIFS(Data!$H$2:$H$21,Data!$C$2:$C$21,G12) -> 539.94
G13: Wireless Mouse | H13: =SUMIFS(Data!$H$2:$H$21,Data!$C$2:$C$21,G13) -> 319.8
